{
    "$schema": "https://schema.management.azure.com/schemas/2015-01-01/deploymentParameters.json#",
    "contentVersion": "1.0.0.0",
    "parameters": {
        "factoryName": {
            "value": "adfworldBankIndic"
        },
        "ls_sql_password": {
            "value": ""
        },
        "ls_datalake_accountKey": {
            "value": ""
        },
        "ls_sql_properties_typeProperties_server": {
            "value": "wbgiserver.database.windows.net"
        },
        "ls_sql_properties_typeProperties_database": {
            "value": "WBGI"
        },
        "ls_sql_properties_typeProperties_userName": {
            "value": "adminlogin"
        },
        "ls_datalake_properties_typeProperties_url": {
            "value": "https://worldbglobal.dfs.core.windows.net/"
        },
        "ls_github_properties_typeProperties_url": {
            "value": "https://raw.githubusercontent.com/"
        },
        "containerUri": {
            "value": ""
        },
        "containerSasToken": {
            "value": ""
        }
    }
}