{
    "$schema": "http://schema.management.azure.com/schemas/2015-01-01/deploymentTemplate.json#",
    "contentVersion": "1.0.0.0",
    "parameters": {
        "factoryName": {
            "type": "string",
            "metadata": "Data Factory name",
            "defaultValue": "adfworldBankIndic"
        },
        "dataFactory_location": {
            "type": "string",
            "defaultValue": "northeurope"
        },
        "dataFactory_identity_type": {
            "type": "string",
            "defaultValue": "SystemAssigned"
        }
    },
    "variables": {
        "factoryId": "[concat('Microsoft.DataFactory/factories/', parameters('factoryName'))]"
    },
    "resources": [
        {
            "name": "[parameters('factoryName')]",
            "type": "Microsoft.DataFactory/factories",
            "apiVersion": "2018-06-01",
            "properties": {},
            "dependsOn": [],
            "location": "[parameters('dataFactory_location')]",
            "identity": {
                "type": "[parameters('dataFactory_identity_type')]",
                "principalId": "bba32e39-1048-4938-b0c2-3f6c700ddc5c",
                "tenantId": "80cea5ca-1377-4623-9454-930f9a4088b4"
            }
        }
    ]
}