{
    "$schema": "http://schema.management.azure.com/schemas/2015-01-01/deploymentTemplate.json#",
    "contentVersion": "1.0.0.0",
    "parameters": {
        "factoryName": {
            "type": "string",
            "metadata": "Data Factory name",
            "defaultValue": "adfworldBankIndic"
        },
        "ls_sql_password": {
            "type": "secureString",
            "metadata": "Secure string for 'password' of 'ls_sql'"
        },
        "ls_datalake_accountKey": {
            "type": "secureString",
            "metadata": "Secure string for 'accountKey' of 'ls_datalake'"
        },
        "ls_sql_properties_typeProperties_server": {
            "type": "string",
            "defaultValue": "wbgiserver.database.windows.net"
        },
        "ls_sql_properties_typeProperties_database": {
            "type": "string",
            "defaultValue": "WBGI"
        },
        "ls_sql_properties_typeProperties_userName": {
            "type": "string",
            "defaultValue": "adminlogin"
        },
        "ls_datalake_properties_typeProperties_url": {
            "type": "string",
            "defaultValue": "https://worldbglobal.dfs.core.windows.net/"
        },
        "ls_github_properties_typeProperties_url": {
            "type": "string",
            "defaultValue": "https://raw.githubusercontent.com/"
        }
    },
    "variables": {
        "factoryId": "[concat('Microsoft.DataFactory/factories/', parameters('factoryName'))]"
    },
    "resources": [
        {
            "name": "[concat(parameters('factoryName'), '/pipeline_prep')]",
            "type": "Microsoft.DataFactory/factories/pipelines",
            "apiVersion": "2018-06-01",
            "properties": {
                "activities": [
                    {
                        "name": "Copy Github",
                        "type": "Copy",
                        "dependsOn": [],
                        "policy": {
                            "timeout": "0.12:00:00",
                            "retry": 0,
                            "retryIntervalInSeconds": 30,
                            "secureOutput": false,
                            "secureInput": false
                        },
                        "userProperties": [],
                        "typeProperties": {
                            "source": {
                                "type": "DelimitedTextSource",
                                "storeSettings": {
                                    "type": "HttpReadSettings",
                                    "requestMethod": "GET"
                                },
                                "formatSettings": {
                                    "type": "DelimitedTextReadSettings"
                                }
                            },
                            "sink": {
                                "type": "AzureSqlSink",
                                "writeBehavior": "insert",
                                "sqlWriterUseTableLock": false
                            },
                            "enableStaging": false,
                            "translator": {
                                "type": "TabularTranslator",
                                "mappings": [
                                    {
                                        "source": {
                                            "name": "age",
                                            "type": "String",
                                            "physicalType": "String"
                                        },
                                        "sink": {
                                            "name": "age",
                                            "type": "Int32",
                                            "physicalType": "int"
                                        }
                                    },
                                    {
                                        "source": {
                                            "name": "region",
                                            "type": "String",
                                            "physicalType": "String"
                                        },
                                        "sink": {
                                            "name": "region",
                                            "type": "String",
                                            "physicalType": "varchar"
                                        }
                                    },
                                    {
                                        "source": {
                                            "name": "job",
                                            "type": "String",
                                            "physicalType": "String"
                                        },
                                        "sink": {
                                            "name": "job",
                                            "type": "String",
                                            "physicalType": "varchar"
                                        }
                                    },
                                    {
                                        "source": {
                                            "name": "marital",
                                            "type": "String",
                                            "physicalType": "String"
                                        },
                                        "sink": {
                                            "name": "marital",
                                            "type": "String",
                                            "physicalType": "varchar"
                                        }
                                    },
                                    {
                                        "source": {
                                            "name": "education",
                                            "type": "String",
                                            "physicalType": "String"
                                        },
                                        "sink": {
                                            "name": "education",
                                            "type": "String",
                                            "physicalType": "varchar"
                                        }
                                    },
                                    {
                                        "source": {
                                            "name": "balance",
                                            "type": "String",
                                            "physicalType": "String"
                                        },
                                        "sink": {
                                            "name": "balance",
                                            "type": "Int32",
                                            "physicalType": "int"
                                        }
                                    },
                                    {
                                        "source": {
                                            "name": "has_loan",
                                            "type": "String",
                                            "physicalType": "String"
                                        },
                                        "sink": {
                                            "name": "has_loan",
                                            "type": "String",
                                            "physicalType": "varchar"
                                        }
                                    },
                                    {
                                        "source": {
                                            "name": "account_type",
                                            "type": "String",
                                            "physicalType": "String"
                                        },
                                        "sink": {
                                            "name": "account_type",
                                            "type": "String",
                                            "physicalType": "varchar"
                                        }
                                    },
                                    {
                                        "source": {
                                            "name": "bank_branch",
                                            "type": "String",
                                            "physicalType": "String"
                                        },
                                        "sink": {
                                            "name": "bank_branch",
                                            "type": "String",
                                            "physicalType": "varchar"
                                        }
                                    }
                                ],
                                "typeConversion": true,
                                "typeConversionSettings": {
                                    "allowDataTruncation": true,
                                    "treatBooleanAsNumber": false
                                }
                            }
                        },
                        "inputs": [
                            {
                                "referenceName": "github_ds",
                                "type": "DatasetReference",
                                "parameters": {
                                    "file_name": "WDISeries.csv"
                                }
                            }
                        ],
                        "outputs": [
                            {
                                "referenceName": "ds_github_table",
                                "type": "DatasetReference",
                                "parameters": {}
                            }
                        ]
                    },
                    {
                        "name": "Copy Data Lake",
                        "type": "Copy",
                        "dependsOn": [],
                        "policy": {
                            "timeout": "0.12:00:00",
                            "retry": 0,
                            "retryIntervalInSeconds": 30,
                            "secureOutput": false,
                            "secureInput": false
                        },
                        "userProperties": [],
                        "typeProperties": {
                            "source": {
                                "type": "DelimitedTextSource",
                                "storeSettings": {
                                    "type": "AzureBlobFSReadSettings",
                                    "recursive": true,
                                    "enablePartitionDiscovery": false
                                },
                                "formatSettings": {
                                    "type": "DelimitedTextReadSettings"
                                }
                            },
                            "sink": {
                                "type": "AzureSqlSink",
                                "writeBehavior": "insert",
                                "sqlWriterUseTableLock": false
                            },
                            "enableStaging": false,
                            "translator": {
                                "type": "TabularTranslator",
                                "mappings": [
                                    {
                                        "source": {
                                            "name": "Country_Name",
                                            "type": "String",
                                            "physicalType": "String"
                                        },
                                        "sink": {
                                            "name": "Country_Name",
                                            "type": "String",
                                            "physicalType": "text"
                                        }
                                    },
                                    {
                                        "source": {
                                            "name": "Country_Code",
                                            "type": "String",
                                            "physicalType": "String"
                                        },
                                        "sink": {
                                            "name": "Country_Code",
                                            "type": "String",
                                            "physicalType": "text"
                                        }
                                    },
                                    {
                                        "source": {
                                            "name": "Indicator_Name_x",
                                            "type": "String",
                                            "physicalType": "String"
                                        },
                                        "sink": {
                                            "name": "Indicator_Name_x",
                                            "type": "String",
                                            "physicalType": "text"
                                        }
                                    },
                                    {
                                        "source": {
                                            "name": "Indicator_Code",
                                            "type": "String",
                                            "physicalType": "String"
                                        },
                                        "sink": {
                                            "name": "Indicator_Code",
                                            "type": "String",
                                            "physicalType": "text"
                                        }
                                    },
                                    {
                                        "source": {
                                            "name": "variable",
                                            "type": "String",
                                            "physicalType": "String"
                                        },
                                        "sink": {
                                            "name": "variable",
                                            "type": "String",
                                            "physicalType": "text"
                                        }
                                    },
                                    {
                                        "source": {
                                            "name": "value",
                                            "type": "String",
                                            "physicalType": "String"
                                        },
                                        "sink": {
                                            "name": "value",
                                            "type": "Decimal",
                                            "physicalType": "decimal",
                                            "scale": 0,
                                            "precision": 38
                                        }
                                    },
                                    {
                                        "source": {
                                            "name": "Short_Name",
                                            "type": "String",
                                            "physicalType": "String"
                                        },
                                        "sink": {
                                            "name": "Short_Name",
                                            "type": "String",
                                            "physicalType": "text"
                                        }
                                    },
                                    {
                                        "source": {
                                            "name": "Region",
                                            "type": "String",
                                            "physicalType": "String"
                                        },
                                        "sink": {
                                            "name": "Region",
                                            "type": "String",
                                            "physicalType": "text"
                                        }
                                    },
                                    {
                                        "source": {
                                            "name": "Income_Group",
                                            "type": "String",
                                            "physicalType": "String"
                                        },
                                        "sink": {
                                            "name": "Income_Group",
                                            "type": "String",
                                            "physicalType": "text"
                                        }
                                    },
                                    {
                                        "source": {
                                            "name": "Currency_Unit",
                                            "type": "String",
                                            "physicalType": "String"
                                        },
                                        "sink": {
                                            "name": "Currency_Unit",
                                            "type": "String",
                                            "physicalType": "text"
                                        }
                                    },
                                    {
                                        "source": {
                                            "name": "Series_Code",
                                            "type": "String",
                                            "physicalType": "String"
                                        },
                                        "sink": {
                                            "name": "Series_Code",
                                            "type": "String",
                                            "physicalType": "text"
                                        }
                                    },
                                    {
                                        "source": {
                                            "name": "Topic",
                                            "type": "String",
                                            "physicalType": "String"
                                        },
                                        "sink": {
                                            "name": "Topic",
                                            "type": "String",
                                            "physicalType": "text"
                                        }
                                    },
                                    {
                                        "source": {
                                            "name": "Indicator_Name_y",
                                            "type": "String",
                                            "physicalType": "String"
                                        },
                                        "sink": {
                                            "name": "Indicator_Name_y",
                                            "type": "String",
                                            "physicalType": "text"
                                        }
                                    },
                                    {
                                        "source": {
                                            "name": "Unit_of_measure",
                                            "type": "String",
                                            "physicalType": "String"
                                        },
                                        "sink": {
                                            "name": "Unit_of_measure",
                                            "type": "String",
                                            "physicalType": "text"
                                        }
                                    }
                                ],
                                "typeConversion": true,
                                "typeConversionSettings": {
                                    "allowDataTruncation": true,
                                    "treatBooleanAsNumber": false
                                }
                            }
                        },
                        "inputs": [
                            {
                                "referenceName": "ds_datalake",
                                "type": "DatasetReference",
                                "parameters": {
                                    "file": "data.csv"
                                }
                            }
                        ],
                        "outputs": [
                            {
                                "referenceName": "sql_ds",
                                "type": "DatasetReference",
                                "parameters": {
                                    "table_name": "data.csv"
                                }
                            }
                        ]
                    }
                ],
                "policy": {
                    "elapsedTimeMetric": {}
                },
                "annotations": [],
                "lastPublishTime": "2025-07-29T15:30:43Z"
            },
            "dependsOn": [
                "[concat(variables('factoryId'), '/datasets/github_ds')]",
                "[concat(variables('factoryId'), '/datasets/ds_github_table')]",
                "[concat(variables('factoryId'), '/datasets/ds_datalake')]",
                "[concat(variables('factoryId'), '/datasets/sql_ds')]"
            ]
        },
        {
            "name": "[concat(parameters('factoryName'), '/incremental_load_pipeline')]",
            "type": "Microsoft.DataFactory/factories/pipelines",
            "apiVersion": "2018-06-01",
            "properties": {
                "activities": [
                    {
                        "name": "last_load",
                        "type": "Lookup",
                        "dependsOn": [],
                        "policy": {
                            "timeout": "0.12:00:00",
                            "retry": 0,
                            "retryIntervalInSeconds": 30,
                            "secureOutput": false,
                            "secureInput": false
                        },
                        "userProperties": [],
                        "typeProperties": {
                            "source": {
                                "type": "AzureSqlSource",
                                "sqlReaderQuery": "select * from water_table",
                                "queryTimeout": "02:00:00",
                                "partitionOption": "None"
                            },
                            "dataset": {
                                "referenceName": "sql_ds",
                                "type": "DatasetReference",
                                "parameters": {
                                    "table_name": "water_table"
                                }
                            },
                            "firstRowOnly": false
                        }
                    },
                    {
                        "name": "Copy_Incremental_Data",
                        "type": "Copy",
                        "dependsOn": [
                            {
                                "activity": "last_load",
                                "dependencyConditions": [
                                    "Succeeded"
                                ]
                            },
                            {
                                "activity": "current_load",
                                "dependencyConditions": [
                                    "Succeeded"
                                ]
                            }
                        ],
                        "policy": {
                            "timeout": "0.12:00:00",
                            "retry": 0,
                            "retryIntervalInSeconds": 30,
                            "secureOutput": false,
                            "secureInput": false
                        },
                        "userProperties": [],
                        "typeProperties": {
                            "source": {
                                "type": "AzureSqlSource",
                                "sqlReaderQuery": {
                                    "value": "SELECT * FROM wbi_table\nWHERE variable >= '@{activity('last_load').output.value[0].last_load}'\n  AND variable <= '@{activity('current_load').output.value[0].max_date}'\n",
                                    "type": "Expression"
                                },
                                "queryTimeout": "02:00:00",
                                "partitionOption": "None"
                            },
                            "sink": {
                                "type": "ParquetSink",
                                "storeSettings": {
                                    "type": "AzureBlobFSWriteSettings"
                                },
                                "formatSettings": {
                                    "type": "ParquetWriteSettings"
                                }
                            },
                            "enableStaging": false,
                            "translator": {
                                "type": "TabularTranslator",
                                "mappings": [
                                    {
                                        "source": {
                                            "name": "Country_Name",
                                            "type": "String",
                                            "physicalType": "text"
                                        },
                                        "sink": {
                                            "name": "Country_Name",
                                            "type": "String",
                                            "physicalType": "UTF8"
                                        }
                                    },
                                    {
                                        "source": {
                                            "name": "Country_Code",
                                            "type": "String",
                                            "physicalType": "text"
                                        },
                                        "sink": {
                                            "name": "Country_Code",
                                            "type": "String",
                                            "physicalType": "UTF8"
                                        }
                                    },
                                    {
                                        "source": {
                                            "name": "Indicator_Name_x",
                                            "type": "String",
                                            "physicalType": "text"
                                        },
                                        "sink": {
                                            "name": "Indicator_Name_x",
                                            "type": "String",
                                            "physicalType": "UTF8"
                                        }
                                    },
                                    {
                                        "source": {
                                            "name": "Indicator_Code",
                                            "type": "String",
                                            "physicalType": "text"
                                        },
                                        "sink": {
                                            "name": "Indicator_Code",
                                            "type": "String",
                                            "physicalType": "UTF8"
                                        }
                                    },
                                    {
                                        "source": {
                                            "name": "variable",
                                            "type": "String",
                                            "physicalType": "varchar"
                                        },
                                        "sink": {
                                            "name": "variable",
                                            "type": "String",
                                            "physicalType": "UTF8"
                                        }
                                    },
                                    {
                                        "source": {
                                            "name": "value",
                                            "type": "Decimal",
                                            "physicalType": "decimal",
                                            "scale": 0,
                                            "precision": 38
                                        },
                                        "sink": {
                                            "name": "value",
                                            "type": "Decimal",
                                            "physicalType": "DECIMAL"
                                        }
                                    },
                                    {
                                        "source": {
                                            "name": "Short_Name",
                                            "type": "String",
                                            "physicalType": "text"
                                        },
                                        "sink": {
                                            "name": "Short_Name",
                                            "type": "String",
                                            "physicalType": "UTF8"
                                        }
                                    },
                                    {
                                        "source": {
                                            "name": "Region",
                                            "type": "String",
                                            "physicalType": "text"
                                        },
                                        "sink": {
                                            "name": "Region",
                                            "type": "String",
                                            "physicalType": "UTF8"
                                        }
                                    },
                                    {
                                        "source": {
                                            "name": "Income_Group",
                                            "type": "String",
                                            "physicalType": "text"
                                        },
                                        "sink": {
                                            "name": "Income_Group",
                                            "type": "String",
                                            "physicalType": "UTF8"
                                        }
                                    },
                                    {
                                        "source": {
                                            "name": "Currency_Unit",
                                            "type": "String",
                                            "physicalType": "text"
                                        },
                                        "sink": {
                                            "name": "Currency_Unit",
                                            "type": "String",
                                            "physicalType": "UTF8"
                                        }
                                    },
                                    {
                                        "source": {
                                            "name": "Series_Code",
                                            "type": "String",
                                            "physicalType": "text"
                                        },
                                        "sink": {
                                            "name": "Series_Code",
                                            "type": "String",
                                            "physicalType": "UTF8"
                                        }
                                    },
                                    {
                                        "source": {
                                            "name": "Topic",
                                            "type": "String",
                                            "physicalType": "text"
                                        },
                                        "sink": {
                                            "name": "Topic",
                                            "type": "String",
                                            "physicalType": "UTF8"
                                        }
                                    },
                                    {
                                        "source": {
                                            "name": "Indicator_Name_y",
                                            "type": "String",
                                            "physicalType": "text"
                                        },
                                        "sink": {
                                            "name": "Indicator_Name_y",
                                            "type": "String",
                                            "physicalType": "UTF8"
                                        }
                                    },
                                    {
                                        "source": {
                                            "name": "Unit_of_measure",
                                            "type": "String",
                                            "physicalType": "text"
                                        },
                                        "sink": {
                                            "name": "Unit_of_measure",
                                            "type": "String",
                                            "physicalType": "UTF8"
                                        }
                                    }
                                ],
                                "typeConversion": true,
                                "typeConversionSettings": {
                                    "allowDataTruncation": true,
                                    "treatBooleanAsNumber": false
                                }
                            }
                        },
                        "inputs": [
                            {
                                "referenceName": "sql_ds",
                                "type": "DatasetReference",
                                "parameters": {
                                    "table_name": "wbi_table"
                                }
                            }
                        ],
                        "outputs": [
                            {
                                "referenceName": "ds_bronze_parquet",
                                "type": "DatasetReference",
                                "parameters": {}
                            }
                        ]
                    },
                    {
                        "name": "current_load",
                        "type": "Lookup",
                        "dependsOn": [],
                        "policy": {
                            "timeout": "0.12:00:00",
                            "retry": 0,
                            "retryIntervalInSeconds": 30,
                            "secureOutput": false,
                            "secureInput": false
                        },
                        "userProperties": [],
                        "typeProperties": {
                            "source": {
                                "type": "AzureSqlSource",
                                "sqlReaderQuery": "select max(variable) as max_date from wbi_table",
                                "queryTimeout": "02:00:00",
                                "partitionOption": "None"
                            },
                            "dataset": {
                                "referenceName": "sql_ds",
                                "type": "DatasetReference",
                                "parameters": {
                                    "table_name": "wbi_table"
                                }
                            },
                            "firstRowOnly": false
                        }
                    },
                    {
                        "name": "Stored procedure1",
                        "type": "SqlServerStoredProcedure",
                        "dependsOn": [
                            {
                                "activity": "Copy_Incremental_Data",
                                "dependencyConditions": [
                                    "Succeeded"
                                ]
                            }
                        ],
                        "policy": {
                            "timeout": "0.12:00:00",
                            "retry": 0,
                            "retryIntervalInSeconds": 30,
                            "secureOutput": false,
                            "secureInput": false
                        },
                        "userProperties": [],
                        "typeProperties": {
                            "storedProcedureName": "[[dbo].[UPDATEWatemarkTable]",
                            "storedProcedureParameters": {
                                "lastload": {
                                    "value": {
                                        "value": "@activity('current_load').output.value[0].max_date",
                                        "type": "Expression"
                                    },
                                    "type": "String"
                                }
                            }
                        },
                        "linkedServiceName": {
                            "referenceName": "ls_sql",
                            "type": "LinkedServiceReference"
                        }
                    }
                ],
                "policy": {
                    "elapsedTimeMetric": {}
                },
                "annotations": [],
                "lastPublishTime": "2025-07-29T15:30:43Z"
            },
            "dependsOn": [
                "[concat(variables('factoryId'), '/datasets/sql_ds')]",
                "[concat(variables('factoryId'), '/datasets/ds_bronze_parquet')]",
                "[concat(variables('factoryId'), '/linkedServices/ls_sql')]"
            ]
        },
        {
            "name": "[concat(parameters('factoryName'), '/ls_sql')]",
            "type": "Microsoft.DataFactory/factories/linkedServices",
            "apiVersion": "2018-06-01",
            "properties": {
                "annotations": [],
                "type": "AzureSqlDatabase",
                "typeProperties": {
                    "server": "[parameters('ls_sql_properties_typeProperties_server')]",
                    "database": "[parameters('ls_sql_properties_typeProperties_database')]",
                    "encrypt": "mandatory",
                    "trustServerCertificate": false,
                    "authenticationType": "SQL",
                    "userName": "[parameters('ls_sql_properties_typeProperties_userName')]",
                    "password": {
                        "type": "SecureString",
                        "value": "[parameters('ls_sql_password')]"
                    }
                }
            },
            "dependsOn": []
        },
        {
            "name": "[concat(parameters('factoryName'), '/ls_datalake')]",
            "type": "Microsoft.DataFactory/factories/linkedServices",
            "apiVersion": "2018-06-01",
            "properties": {
                "annotations": [],
                "type": "AzureBlobFS",
                "typeProperties": {
                    "url": "[parameters('ls_datalake_properties_typeProperties_url')]",
                    "accountKey": {
                        "type": "SecureString",
                        "value": "[parameters('ls_datalake_accountKey')]"
                    }
                }
            },
            "dependsOn": []
        },
        {
            "name": "[concat(parameters('factoryName'), '/ls_github')]",
            "type": "Microsoft.DataFactory/factories/linkedServices",
            "apiVersion": "2018-06-01",
            "properties": {
                "annotations": [],
                "type": "HttpServer",
                "typeProperties": {
                    "url": "[parameters('ls_github_properties_typeProperties_url')]",
                    "enableServerCertificateValidation": true,
                    "authenticationType": "Anonymous"
                }
            },
            "dependsOn": []
        },
        {
            "name": "[concat(parameters('factoryName'), '/sql_ds')]",
            "type": "Microsoft.DataFactory/factories/datasets",
            "apiVersion": "2018-06-01",
            "properties": {
                "linkedServiceName": {
                    "referenceName": "ls_sql",
                    "type": "LinkedServiceReference"
                },
                "parameters": {
                    "table_name": {
                        "type": "string"
                    }
                },
                "annotations": [],
                "type": "AzureSqlTable",
                "schema": [
                    {
                        "name": "Country_Name",
                        "type": "text"
                    },
                    {
                        "name": "Country_Code",
                        "type": "text"
                    },
                    {
                        "name": "Indicator_Name_x",
                        "type": "text"
                    },
                    {
                        "name": "Indicator_Code",
                        "type": "text"
                    },
                    {
                        "name": "variable",
                        "type": "text"
                    },
                    {
                        "name": "value",
                        "type": "decimal",
                        "precision": 18,
                        "scale": 0
                    },
                    {
                        "name": "Short_Name",
                        "type": "text"
                    },
                    {
                        "name": "Region",
                        "type": "text"
                    },
                    {
                        "name": "Income_Group",
                        "type": "text"
                    },
                    {
                        "name": "Currency_Unit",
                        "type": "text"
                    },
                    {
                        "name": "Series_Code",
                        "type": "text"
                    },
                    {
                        "name": "Topic",
                        "type": "text"
                    },
                    {
                        "name": "Indicator_Name_y",
                        "type": "text"
                    },
                    {
                        "name": "Long_definition",
                        "type": "text"
                    },
                    {
                        "name": "Unit_of_measure",
                        "type": "text"
                    }
                ],
                "typeProperties": {
                    "schema": "dbo",
                    "table": {
                        "value": "@dataset().table_name",
                        "type": "Expression"
                    }
                }
            },
            "dependsOn": [
                "[concat(variables('factoryId'), '/linkedServices/ls_sql')]"
            ]
        },
        {
            "name": "[concat(parameters('factoryName'), '/ds_github_table')]",
            "type": "Microsoft.DataFactory/factories/datasets",
            "apiVersion": "2018-06-01",
            "properties": {
                "linkedServiceName": {
                    "referenceName": "ls_sql",
                    "type": "LinkedServiceReference"
                },
                "annotations": [],
                "type": "AzureSqlTable",
                "schema": [
                    {
                        "name": "Series_Code",
                        "type": "text"
                    },
                    {
                        "name": "Topic",
                        "type": "text"
                    },
                    {
                        "name": "Indicator_Name",
                        "type": "text"
                    },
                    {
                        "name": "Short_definition",
                        "type": "text"
                    },
                    {
                        "name": "Long_definition",
                        "type": "text"
                    },
                    {
                        "name": "Unit_of_measure",
                        "type": "text"
                    },
                    {
                        "name": "Periodicity",
                        "type": "text"
                    },
                    {
                        "name": "Base_Period",
                        "type": "text"
                    },
                    {
                        "name": "Other_notes",
                        "type": "text"
                    },
                    {
                        "name": "Aggregation_method",
                        "type": "text"
                    },
                    {
                        "name": "Limitations_and_exceptions",
                        "type": "text"
                    },
                    {
                        "name": "Notes_from_original_source",
                        "type": "text"
                    },
                    {
                        "name": "General_comments",
                        "type": "text"
                    },
                    {
                        "name": "Source",
                        "type": "text"
                    },
                    {
                        "name": "Statistical_concept_and_methodology",
                        "type": "text"
                    },
                    {
                        "name": "Development_relevance",
                        "type": "text"
                    },
                    {
                        "name": "Related_source_links",
                        "type": "text"
                    },
                    {
                        "name": "Other_web_links",
                        "type": "text"
                    },
                    {
                        "name": "Related_indicators",
                        "type": "text"
                    },
                    {
                        "name": "License_Type",
                        "type": "text"
                    }
                ],
                "typeProperties": {
                    "schema": "dbo",
                    "table": "BankClientsMorocco"
                }
            },
            "dependsOn": [
                "[concat(variables('factoryId'), '/linkedServices/ls_sql')]"
            ]
        },
        {
            "name": "[concat(parameters('factoryName'), '/github_ds')]",
            "type": "Microsoft.DataFactory/factories/datasets",
            "apiVersion": "2018-06-01",
            "properties": {
                "linkedServiceName": {
                    "referenceName": "ls_github",
                    "type": "LinkedServiceReference"
                },
                "parameters": {
                    "file_name": {
                        "type": "string"
                    }
                },
                "annotations": [],
                "type": "DelimitedText",
                "typeProperties": {
                    "location": {
                        "type": "HttpServerLocation",
                        "relativeUrl": {
                            "value": "FoukharSara/WDI_Dataset/refs/heads/main/@{dataset().file_name}",
                            "type": "Expression"
                        }
                    },
                    "columnDelimiter": ",",
                    "escapeChar": "\\",
                    "firstRowAsHeader": true,
                    "quoteChar": "\""
                },
                "schema": []
            },
            "dependsOn": [
                "[concat(variables('factoryId'), '/linkedServices/ls_github')]"
            ]
        },
        {
            "name": "[concat(parameters('factoryName'), '/ds_datalake')]",
            "type": "Microsoft.DataFactory/factories/datasets",
            "apiVersion": "2018-06-01",
            "properties": {
                "linkedServiceName": {
                    "referenceName": "ls_datalake",
                    "type": "LinkedServiceReference"
                },
                "parameters": {
                    "file": {
                        "type": "string"
                    }
                },
                "annotations": [],
                "type": "DelimitedText",
                "typeProperties": {
                    "location": {
                        "type": "AzureBlobFSLocation",
                        "fileName": {
                            "value": "@dataset().file",
                            "type": "Expression"
                        },
                        "fileSystem": "bronze"
                    },
                    "columnDelimiter": ",",
                    "escapeChar": "\\",
                    "firstRowAsHeader": true,
                    "quoteChar": "\""
                },
                "schema": [
                    {
                        "name": "Country Name",
                        "type": "String"
                    },
                    {
                        "name": "Country Code",
                        "type": "String"
                    },
                    {
                        "name": "Indicator Name_x",
                        "type": "String"
                    },
                    {
                        "name": "Indicator Code",
                        "type": "String"
                    },
                    {
                        "name": "variable",
                        "type": "String"
                    },
                    {
                        "name": "value",
                        "type": "String"
                    },
                    {
                        "name": "Short Name",
                        "type": "String"
                    },
                    {
                        "name": "Region",
                        "type": "String"
                    },
                    {
                        "name": "Income Group",
                        "type": "String"
                    },
                    {
                        "name": "Currency Unit",
                        "type": "String"
                    },
                    {
                        "name": "Series Code",
                        "type": "String"
                    },
                    {
                        "name": "Topic",
                        "type": "String"
                    },
                    {
                        "name": "Indicator Name_y",
                        "type": "String"
                    },
                    {
                        "name": "Long definition",
                        "type": "String"
                    },
                    {
                        "name": "Unit of measure",
                        "type": "String"
                    }
                ]
            },
            "dependsOn": [
                "[concat(variables('factoryId'), '/linkedServices/ls_datalake')]"
            ]
        },
        {
            "name": "[concat(parameters('factoryName'), '/ds_bronze_parquet')]",
            "type": "Microsoft.DataFactory/factories/datasets",
            "apiVersion": "2018-06-01",
            "properties": {
                "linkedServiceName": {
                    "referenceName": "ls_datalake",
                    "type": "LinkedServiceReference"
                },
                "annotations": [],
                "type": "Parquet",
                "typeProperties": {
                    "location": {
                        "type": "AzureBlobFSLocation",
                        "folderPath": "rawdata",
                        "fileSystem": "bronze"
                    },
                    "compressionCodec": "snappy"
                },
                "schema": []
            },
            "dependsOn": [
                "[concat(variables('factoryId'), '/linkedServices/ls_datalake')]"
            ]
        }
    ]
}